insert into libro values('ABC138','Sun Tzu','El arte de la guerra','Sivainvink','124');
insert into libro values('ABC112','Julio Cortazar','Rayuela','Editorial Sudamericana','12');
insert into libro values('ABC111','Julio Cortazar','El amor en los tiempos del colera','Editorial sudamericana','12');
insert into libro values('ABC113','Julio Cortazar','Casa Tomada','Editorial Sudamericana','12');
insert into libro values('ABC122','Charles Darwin','El origen de las especies','Sivainvink','124');
insert into libro values('ABC124','Jorge luis Borges','El aleph','Sivainvink','124');
insert into libro values('ABC125','Angel David Revilla','Luna de pluton','Planeta','23');
insert into libro values('ABC126','Angel David Revilla','El festival de la blasfemia','Planeta','23');
insert into libro values('ABC127','Angel David Revilla','La guerra de Ysaak','Planeta','23');
insert into libro values('ABC128','Angel David Revilla','El arte de la guerra','Planeta','23');
insert into libro values('ABC129','Angel David Revilla','El arte de la guerra','Planeta','23');
insert into libro values('ABC120','Stephen Hawking','Breve historia del tiempo','Bantam Books','19');
insert into libro values('ABC133','Stephen Hawking','Breves respuestas a las grandes preguntas','Bantam Books','19');
insert into libro values('ABC132','Stephen Hawking','El gran diseño','Bantam Books','19');
insert into libro values('ABC131','Stephen Hawking','La teoria del todo, el origen y el destino del universo','Bantam Books','19');
insert into libro values('ABC130','Stephen Hawking','El universo en una cascara de nuez','Bantam Books','19');
insert into libro values('ABC134','Stephen Hawking','Brevisima historia del tiempo','Bantam Books','19');
insert into libro values('ABC135','Stephen Hawking','Breve historia de mi vida','Bantam Books','19');
insert into libro values('ABC136','Stephen Hawking','La clave secreta del universo','Bantam Books','19');
insert into libro values('ABC137','Stephen Hawking','Agujeros negros y pequeños universos','Bantam Books','19');
insert into libro values('ABC139','William Shakespeare','Romeo y Julieta','Greenbooks','126');
insert into libro values('ABC140','William Shakespeare','Hamlet','Greenbooks','126');
insert into libro values('ABC141','William Shakespeare','Macbeth','Greenbooks','126');
insert into libro values('ABC142','William Shakespeare','El sueño de una noche de verano','Greenbooks','126');
insert into libro values('ABC143','William Shakespeare','La tempestad','Greenbooks','126');
insert into libro values('ABC144','William Shakespeare','El Rey Lear','Greenbooks','126');
insert into libro values('ABC145','William Shakespeare','El mercader de Venecia','Greenbooks','126');
insert into libro values('ABC146','William Shakespeare','Julio Cesar','Greenbooks','126');
insert into libro values('ABC147','William Shakespeare','Noche de reyes','Greenbooks','126');
insert into libro values('ABC148','Frederich Hayek','Camino de la servidumbre','Lawrence H. White','37');
insert into libro values('ABC149','Frederich Hayek','Los fundamentos de la libertad','Lawrence H. White','37');
insert into libro values('ABC150','Frederich Hayek','Derecho, Legislacion y libertad','Lawrence H. White','37');
insert into libro values('ABC151','Frederich Hayek','La arrogancia Fatal','Lawrence H. White','37');
insert into libro values('ABC152','Frederich Hayek','Individualismo y orden economico','Lawrence H. White','37');
insert into libro values('ABC153','Frederich Hayek','La desnacionalizacion de la moneda','Lawrence H. White','37');
insert into libro values('ABC154','Frederich Hayek','Por que no soy un conservador?','Lawrence H. White','37');
insert into libro values('ABC155','Frederich Hayek','La contrarrevolucion de la ciencia','Lawrence H. White','37');
insert into libro values('ABC156','Frederich Hayek','Teoria monetaria y circulo de intercambio','Lawrence H. White','37');
insert into libro values('ABC157','Frederich Hayek','Normas y orden','Lawrence H. White','37');
insert into libro values('ABC158','Milton Friedman','Capitalismo y libertad','Harcourt','74');
insert into libro values('ABC159','Milton Friedman','Libre para elegir','Harcourt','74');
insert into libro values('ABC160','Milton Friedman','La historia monetaria de Estados Unidos','Harcourt','74');
insert into libro values('ABC161','Milton Friedman','Una teoria de la funcion de consumo','Harcourt','74');
insert into libro values('ABC162','Milton Friedman','Teoria de los precios','Harcourt','74');
insert into libro values('ABC163','Milton Friedman','Money Mischief','Harcourt','74');
insert into libro values('ABC164','Milton Friedman','Por que el gobierno es un problema?','Harcourt','74');
insert into libro values('ABC165','Milton Friedman','Dos personas afortunadas: memorias','Harcourt','74');
insert into libro values('ABC166','Milton Friedman','Programa monetario de estabilidad','Harcourt','74');
insert into libro values('ABC167','Milton Friedman','La tirania del Statu Quo','Harcourt','74');
insert into libro values('ABC168','Milton Friedman','La economia monetarista','Harcourt','74');




insert into usuario values('20358280-1','Ariel','Avelino Contardo 12',(to_date('1/12/2000','dd/mm/yyyy')));
insert into usuario values('19358880-1','Jorge','Avelino Contardo 121',(to_date('2/12/2000','dd/mm/yyyy')));
insert into usuario values('22656880-3','Alejandra','Avelino Contardo 123',(to_date('3/12/2000','dd/mm/yyyy')));
insert into usuario values('20358880-k','Camila','Las canarias 12',(to_date('4/12/2000','dd/mm/yyyy')));
insert into usuario values('20322830-6','Godofredo','Pasaje 12 1211',(to_date('5/12/2000','dd/mm/yyyy')));
insert into usuario values('21353881-2','Catalina','Cochrane 16',(to_date('6/12/2000','dd/mm/yyyy')));
insert into usuario values('358880-1','Ruth','Pratt 882',(to_date('7/12/2000','dd/mm/yyyy')));
insert into usuario values('10358821-4','Isabel','Coronel Sanchez 21',(to_date('8/12/2000','dd/mm/yyyy')));
insert into usuario values('20358621-9','Aslan','Jose Miguel Carrera 277',(to_date('9/12/2000','dd/mm/yyyy')));
insert into usuario values('20358880-1','Paula','Jose tomas ramos 338',(to_date('10/12/2000','dd/mm/yyyy')));
insert into usuario values('5701779-1','Jorge','Diego Medellin 255',(to_date('11/12/2000','dd/mm/yyyy')));
insert into usuario values('19995187-1','Arsas','Diego Medellin 285',(to_date('12/12/2001','dd/mm/yyyy')));
insert into usuario values('17475679-3','Ariel','Avelino Contardo 12',(to_date('12/12/2002','dd/mm/yyyy')));
insert into usuario values('5203909-6','Jordan','Avelino Contardo 12',(to_date('12/12/2002','dd/mm/yyyy')));
insert into usuario values('20348880-3','Polly','Avelino Contardo 12',(to_date('12/12/2003','dd/mm/yyyy')));
insert into usuario values('15603250-1','Tomas','Contador 77',(to_date('12/12/2004','dd/mm/yyyy')));
insert into usuario values('15360331-5','Arthur','Contador 7712',(to_date('12/12/2006','dd/mm/yyyy')));
insert into usuario values('20357117-0','Lionel','Contador 11',(to_date('12/12/2005','dd/mm/yyyy')));
insert into usuario values('51925889-3','Diego','Avelino Contardo 12',(to_date('12/12/2010','dd/mm/yyyy')));
insert into usuario values('84724718-2','Jorge','Avelino Contardo 12',(to_date('12/12/2020','dd/mm/yyyy')));





insert into prestamo values('ABC138','20358880-1',(to_date('7/1/2021','dd/mm/yyyy')),(to_date('15/1/2021','dd/mm/yyyy')));
insert into prestamo values('ABC133','15603250-1',(to_date('9/1/2021','dd/mm/yyyy')),(to_date('19/1/2021','dd/mm/yyyy')));
insert into prestamo values('ABC134','15360331-5',(to_date('31/12/2020','dd/mm/yyyy')),(to_date('12/1/2021','dd/mm/yyyy')));
insert into prestamo values('ABC135','19995187-1',(to_date('8/1/2021','dd/mm/yyyy')),(to_date('17/1/2021','dd/mm/yyyy')));
insert into prestamo values('ABC136','19358880-1',(to_date('7/1/2021','dd/mm/yyyy')),(to_date('15/1/2021','dd/mm/yyyy')));
insert into prestamo values('ABC112','22656880-3',(to_date('9/2/2021','dd/mm/yyyy')),(to_date('19/3/2021','dd/mm/yyyy')));
insert into prestamo values('ABC164','20358880-k',(to_date('31/2/2020','dd/mm/yyyy')),(to_date('12/1/2020','dd/mm/yyyy')));
insert into prestamo values('ABC155','20322830-6',(to_date('7/1/2021','dd/mm/yyyy')),(to_date('15/2/2021','dd/mm/yyyy')));
insert into prestamo values('ABC149','21353881-2',(to_date('9/1/2021','dd/mm/yyyy')),(to_date('22/1/2021','dd/mm/yyyy')));
insert into prestamo values('ABC112','358880-1',(to_date('31/12/2020','dd/mm/yyyy')),(to_date('12/1/2021','dd/mm/yyyy')));
insert into prestamo values('ABC133','20358880-1',(to_date('7/1/2021','dd/mm/yyyy')),(to_date('15/1/2021','dd/mm/yyyy')));
insert into prestamo values('ABC131','15603250-1',(to_date('9/1/2021','dd/mm/yyyy')),(to_date('19/1/2021','dd/mm/yyyy')));
insert into prestamo values('ABC138','15360331-5',(to_date('31/12/2020','dd/mm/yyyy')),(to_date('12/1/2021','dd/mm/yyyy')));
insert into prestamo values('ABC157','51925889-3',(to_date('7/1/2021','dd/mm/yyyy')),(to_date('15/1/2021','dd/mm/yyyy')));
insert into prestamo values('ABC138','84724718-2',(to_date('7/1/2021','dd/mm/yyyy')),(to_date('15/1/2021','dd/mm/yyyy')));
insert into prestamo values('ABC138','20358621-9',(to_date('7/1/2021','dd/mm/yyyy')),(to_date('15/1/2021','dd/mm/yyyy')));
insert into prestamo values('ABC138','15603250-1',(to_date('9/1/2021','dd/mm/yyyy')),(to_date('19/1/2021','dd/mm/yyyy')));
insert into prestamo values('ABC138','20358880',(to_date('31/12/2020','dd/mm/yyyy')),(to_date('12/1/2021','dd/mm/yyyy')));
insert into prestamo values('ABC138','20358880-1',(to_date('8/1/2021','dd/mm/yyyy')),(to_date('17/1/2021','dd/mm/yyyy')));
insert into prestamo values('ABC138','20358880-1',(to_date('7/1/2021','dd/mm/yyyy')),(to_date('15/1/2021','dd/mm/yyyy')));
insert into prestamo values('ABC127','5203909-6',(to_date('9/2/2021','dd/mm/yyyy')),(to_date('19/3/2021','dd/mm/yyyy')));
insert into prestamo values('ABC126','20358880-k',(to_date('31/2/2020','dd/mm/yyyy')),(to_date('12/1/2020','dd/mm/yyyy')));
insert into prestamo values('ABC125','20322830-6',(to_date('7/1/2021','dd/mm/yyyy')),(to_date('15/2/2021','dd/mm/yyyy')));
insert into prestamo values('ABC124','21353881-2',(to_date('9/1/2021','dd/mm/yyyy')),(to_date('22/1/2021','dd/mm/yyyy')));
insert into prestamo values('ABC123','358880-1',(to_date('31/12/2020','dd/mm/yyyy')),(to_date('12/1/2021','dd/mm/yyyy')));
insert into prestamo values('ABC128','20358880-1',(to_date('7/1/2021','dd/mm/yyyy')),(to_date('15/1/2021','dd/mm/yyyy')));
insert into prestamo values('ABC129','15603250-1',(to_date('9/1/2021','dd/mm/yyyy')),(to_date('19/1/2021','dd/mm/yyyy')));
insert into prestamo values('ABC130','15360331-5',(to_date('31/12/2020','dd/mm/yyyy')),(to_date('12/1/2021','dd/mm/yyyy')));
insert into prestamo values('ABC131','51925889-3',(to_date('7/1/2021','dd/mm/yyyy')),(to_date('15/1/2021','dd/mm/yyyy')));
insert into prestamo values('ABC121','84724718-2',(to_date('7/1/2021','dd/mm/yyyy')),(to_date('15/1/2021','dd/mm/yyyy')));
insert into prestamo values('ABC147','20358880-1',(to_date('7/1/2021','dd/mm/yyyy')),(to_date('15/1/2021','dd/mm/yyyy')));
insert into prestamo values('ABC148','15603250-1',(to_date('9/1/2021','dd/mm/yyyy')),(to_date('19/1/2021','dd/mm/yyyy')));
insert into prestamo values('ABC149','15360331-5',(to_date('31/12/2020','dd/mm/yyyy')),(to_date('12/1/2021','dd/mm/yyyy')));
insert into prestamo values('ABC150','19995187-1',(to_date('8/1/2021','dd/mm/yyyy')),(to_date('17/1/2021','dd/mm/yyyy')));
insert into prestamo values('ABC151','19358880-1',(to_date('7/1/2021','dd/mm/yyyy')),(to_date('15/1/2021','dd/mm/yyyy')));
insert into prestamo values('ABC152','22656880-3',(to_date('9/2/2021','dd/mm/yyyy')),(to_date('19/3/2021','dd/mm/yyyy')));
insert into prestamo values('ABC153','20358880-k',(to_date('31/2/2020','dd/mm/yyyy')),(to_date('12/1/2020','dd/mm/yyyy')));
insert into prestamo values('ABC154','20322830-6',(to_date('7/1/2021','dd/mm/yyyy')),(to_date('15/2/2021','dd/mm/yyyy')));
insert into prestamo values('ABC155','21353881-2',(to_date('9/1/2021','dd/mm/yyyy')),(to_date('22/1/2021','dd/mm/yyyy')));
insert into prestamo values('ABC156','358880-1',(to_date('31/12/2020','dd/mm/yyyy')),(to_date('12/1/2021','dd/mm/yyyy')));
insert into prestamo values('ABC123','20358880-1',(to_date('7/1/2021','dd/mm/yyyy')),(to_date('15/1/2021','dd/mm/yyyy')));
insert into prestamo values('ABC124','15603250-1',(to_date('9/1/2021','dd/mm/yyyy')),(to_date('19/1/2021','dd/mm/yyyy')));
insert into prestamo values('ABC125','15360331-5',(to_date('31/12/2020','dd/mm/yyyy')),(to_date('12/1/2021','dd/mm/yyyy')));
insert into prestamo values('ABC126','51925889-3',(to_date('7/1/2021','dd/mm/yyyy')),(to_date('15/1/2021','dd/mm/yyyy')));
insert into prestamo values('ABC127','84724718-2',(to_date('7/1/2021','dd/mm/yyyy')),(to_date('15/1/2021','dd/mm/yyyy')));
insert into prestamo values('ABC133','19995187-1',(to_date('7/1/2021','dd/mm/yyyy')),(to_date('15/1/2021','dd/mm/yyyy')));
insert into prestamo values('ABC131','5701779-1',(to_date('9/1/2021','dd/mm/yyyy')),(to_date('19/1/2021','dd/mm/yyyy')));
insert into prestamo values('ABC138','15360331-5',(to_date('31/12/2020','dd/mm/yyyy')),(to_date('12/1/2021','dd/mm/yyyy')));
insert into prestamo values('ABC147','51925889-3',(to_date('7/1/2021','dd/mm/yyyy')),(to_date('15/1/2021','dd/mm/yyyy')));
insert into prestamo values('ABC132','84724718-2',(to_date('7/1/2021','dd/mm/yyyy')),(to_date('15/1/2021','dd/mm/yyyy')));





insert into venta values('ABC138','20358880-1',21521);
insert into venta values('ABC133','15603250-1',21521);
insert into venta values('ABC134','15360331-5',21521);
insert into venta values('ABC135','19995187-1',21521);
insert into venta values('ABC136','19358880-1',21521);

insert into venta values('ABC112','22656880-3',25958);
insert into venta values('ABC164','20358880-k',25958);
insert into venta values('ABC155','20322830-6',25958);
insert into venta values('ABC149','21353881-2',25958);
insert into venta values('ABC112','21353881-2',25958);

insert into venta values('ABC133','20358880-1',9000);
insert into venta values('ABC131','15603250-1',9000);
insert into venta values('ABC138','15360331-5',9000);
insert into venta values('ABC157','51925889-3',9000);
insert into venta values('ABC138','84724718-2',9000);


insert into venta values('ABC138','20358621-9',5991);
insert into venta values('ABC138','15603250-1',51356);
insert into venta values('ABC138','19995187-1',8569);
insert into venta values('ABC136','20358880-1',12351);
insert into venta values('ABC124','20358880-1',12541);




insert into venta values('ABC127','5203909-6',5931);
insert into venta values('ABC126','20358880-k',5931);
insert into venta values('ABC125','20322830-6',5931);
insert into venta values('ABC124','21353881-2',5931);
insert into venta values('ABC123','358880-1',5931);



insert into venta values('ABC128','20358880-1',6581);
insert into venta values('ABC129','15603250-1',4581);
insert into venta values('ABC130','15360331-5',12581);
insert into venta values('ABC131','51925889-3',13281);
insert into venta values('ABC121','84724718-2',12080);

insert into venta values('ABC147','20358880-1',27000);
insert into venta values('ABC148','15603250-1',17000);
insert into venta values('ABC149','15360331-5',5000);
insert into venta values('ABC150','19995187-1',9000);
insert into venta values('ABC151','19358880-1',20000);

insert into venta values('ABC152','22656880-3',12500);
insert into venta values('ABC153','20358880-k',22500);
insert into venta values('ABC154','20322830-6',10500);
insert into venta values('ABC155','21353881-2',12500);
insert into venta values('ABC156','358880-1',24300);

insert into venta values('ABC123','20358880-1',10000);
insert into venta values('ABC124','15603250-1',10000);
insert into venta values('ABC125','15360331-5',10000);
insert into venta values('ABC126','51925889-3',10000);
insert into venta values('ABC127','84724718-2',10000);
insert into venta values('ABC133','19995187-1'12631);
insert into venta values('ABC131','5701779-1',6417);
insert into venta values('ABC138','15360331-5',67583);
insert into venta values('ABC147','51925889-3',6427);
insert into venta values('ABC132','84724718-2',9025);
